display_name,first_name,last_name,email,extension,primary_number
Javier Torres,Javier,Torres,javier.torres.20260208105400.3801@lab.example.com,5000,+34913740496
Pablo Ruiz,Pablo,Ruiz,pablo.ruiz.20260208105400.8988@lab.example.com,5001,+34910202532
Pablo López,Pablo,López,pablo.lpez.20260208105400.6779@lab.example.com,5002,+34917227423
Lucía Ruiz,Lucía,Ruiz,luca.ruiz.20260208105400.9482@lab.example.com,5003,+34918061986
Javier Díaz,Javier,Díaz,javier.daz.20260208105400.8738@lab.example.com,5004,+34914440553
Luis Sánchez,Luis,Sánchez,luis.snchez.20260208105400.1879@lab.example.com,5005,+34917995905
Marta Pérez,Marta,Pérez,marta.prez.20260208105400.3547@lab.example.com,5006,+34915198628
Carlos Pérez,Carlos,Pérez,carlos.prez.20260208105400.4384@lab.example.com,5007,+34910979804
Pablo Ruiz,Pablo,Ruiz,pablo.ruiz.20260208105400.2344@lab.example.com,5008,+34912277918
Elena Pérez,Elena,Pérez,elena.prez.20260208105400.6221@lab.example.com,5009,+34912327157
Luis Ruiz,Luis,Ruiz,luis.ruiz.20260208105400.3008@lab.example.com,5010,+34910205811
Pablo García,Pablo,García,pablo.garca.20260208105400.2821@lab.example.com,5011,+34917607226
Carlos Sánchez,Carlos,Sánchez,carlos.snchez.20260208105400.8075@lab.example.com,5012,+34912328804
Carlos Sánchez,Carlos,Sánchez,carlos.snchez.20260208105400.2375@lab.example.com,5013,+34911539875
Javier Martín,Javier,Martín,javier.martn.20260208105400.2960@lab.example.com,5014,+34910209674
